ページ名,URL,タイプ,テンプレート,カテゴリ,コンテンツ,モジュール
トップページ,_home,complex,default.html,,,
商品一覧,item/list,list,default.html,category,,
商品詳細,item/detail,detail,default.html,,,
会社概要,concept.html,free,default.html,,concept.html,
よくあるご質問,question.html,free,default.html,,question.html,
お問い合わせ,inquiry.html,free,default.html,,inquiry.html,
プライバシーポリシー,policy.html,free,default.html,,policy.html,
お支払い・配送について,delivery.html,free,default.html,,delivery.html,
特定商取引法に関する表示,exchange.html,free,default.html,,exchange.html,
検索結果,search.html,search,default.html,,,common_search
ページが見つかりません,_404_not_found,complex,notfound.html,,,
